Epoch, TrainingAccuracy, TestAccuracy
1,0.223943,0.323627
2,0.285700,0.294106
3,0.268112,0.302312
4,0.261917,0.281497
5,0.257220,0.266587
6,0.251624,0.278395
7,0.247926,0.278395
8,0.245728,0.277594
9,0.244729,0.267587
10,0.244029,0.275793
