Epoch, TrainingAccuracy, TestAccuracy
1,0.183372,0.243570
2,0.214950,0.248074
3,0.216848,0.248074
4,0.211152,0.229361
5,0.203458,0.226058
6,0.201159,0.223156
7,0.200360,0.221255
8,0.198861,0.220254
9,0.196862,0.219954
10,0.196762,0.218953
