Epoch, TrainingAccuracy, TestAccuracy
1,0.139203,0.210447
2,0.246727,0.285200
3,0.262916,0.279496
4,0.261717,0.289202
5,0.268912,0.279496
6,0.279604,0.287201
7,0.285500,0.302412
8,0.282302,0.305914
9,0.277506,0.293205
10,0.274608,0.284899
