Epoch, TrainingAccuracy, TestAccuracy
1,0.206855,0.290503
2,0.243230,0.274392
3,0.229639,0.265686
4,0.223444,0.237867
5,0.219646,0.235565
