Epoch, TrainingAccuracy, TestAccuracy
1,0.201959,0.257080
2,0.240132,0.267787
3,0.229839,0.261083
4,0.222244,0.245172
5,0.214450,0.239267
