Epoch, TrainingAccuracy, TestAccuracy
1,0.195263,0.261683
2,0.250125,0.285200
3,0.242230,0.294606
4,0.236834,0.272691
5,0.232337,0.245272
6,0.237834,0.252677
7,0.242330,0.256179
8,0.249825,0.283498
9,0.252124,0.280897
10,0.253123,0.283298
