Epoch, TrainingAccuracy, TestAccuracy
1,0.207855,0.212549
2,0.221045,0.175723
3,0.219147,0.174722
4,0.216249,0.174222
5,0.215049,0.182127
6,0.214450,0.184529
7,0.213451,0.186130
8,0.212551,0.187431
9,0.211052,0.189032
10,0.210153,0.190033
