Epoch, TrainingAccuracy, TestAccuracy
1,0.079045,0.141999
2,0.102328,0.137296
3,0.100829,0.137096
4,0.099031,0.136195
5,0.098631,0.135595
6,0.098331,0.135295
7,0.098331,0.136395
8,0.097532,0.136696
9,0.097232,0.136496
10,0.097032,0.136295
