Epoch, TrainingAccuracy, TestAccuracy
1,0.381833,0.437406
2,0.458179,0.479836
3,0.435795,0.440108
4,0.423304,0.418493
5,0.410513,0.410287
6,0.401219,0.400981
7,0.396323,0.399780
8,0.394124,0.400680
9,0.392625,0.398379
10,0.393225,0.395477
